parameter,mean,std,median,5.0%,95.0%,n_eff,r_hat,player_id,player_name
beta_mu[0],1.0751084089279175,0.32185128331184387,1.0867297649383545,0.5246196985244751,1.5755150318145752,792.5898471640071,1.0003241300582886,,
beta_mu[1],0.5341557264328003,0.2984417974948883,0.5398201942443848,0.03697226196527481,0.9967798590660095,960.6658559421169,1.0021511316299438,,
beta_mu[2],0.11697318404912949,0.24908165633678436,0.11370815336704254,-0.27144235372543335,0.522747814655304,959.5677301929085,1.0017868280410767,,
beta_mu[3],0.007997492328286171,0.2720192074775696,0.005935979075729847,-0.406044065952301,0.4784461557865143,1025.9311722016234,0.9993178844451904,,
beta_sigma[0],0.1388782113790512,0.06485692411661148,0.13846206665039062,0.036219388246536255,0.24674664437770844,922.6489741977958,0.9991206526756287,,
beta_sigma[1],0.10357528179883957,0.06460945308208466,0.10299113392829895,0.004289163276553154,0.21457409858703613,936.3954668061947,0.9984320402145386,,
beta_sigma[2],0.0658121258020401,0.05659686028957367,0.06758984923362732,-0.025890525430440903,0.162354975938797,1061.089234521045,1.0004417896270752,,
beta_sigma[3],-0.059755679219961166,0.05800194665789604,-0.05945633724331856,-0.15424995124340057,0.03517484664916992,1076.6407880052657,0.9998527765274048,,
log_sigma_pos,1.2026628255844116,0.027990221977233887,1.2034305334091187,1.1562920808792114,1.2472467422485352,545.2436278820517,1.003320336341858,,
mu_pos,4.7197794914245605,0.14358897507190704,4.723568916320801,4.452604293823242,4.93086576461792,398.20640333490434,1.0014513731002808,,
nu_offset,3.535602569580078,0.31495511531829834,3.5169034004211426,3.000408887863159,4.016112327575684,1705.4155967256588,0.9993272423744202,,
tau_mu,1.3890340328216553,0.15915845334529877,1.3885529041290283,1.1317402124404907,1.6509913206100464,175.81805174150344,0.9990510940551758,,
tau_sigma,0.23562121391296387,0.02672729454934597,0.2357274293899536,0.18813064694404602,0.27363377809524536,252.57619867117205,1.0121424198150635,,
z_mu[0],-0.1130349263548851,0.5468569397926331,-0.1374669075012207,-1.0383678674697876,0.7446956634521484,1941.8944816780588,0.9990835785865784,00-0022127,Jason Witten
z_mu[1],-0.10031712055206299,0.3586534261703491,-0.08989675343036652,-0.7613233327865601,0.4277116060256958,1954.6714669326445,0.9985646605491638,00-0024243,Marcedes Lewis
z_mu[2],-0.15201616287231445,0.683982789516449,-0.15763050317764282,-1.165170431137085,1.0170092582702637,2126.0753270355153,0.9996345639228821,00-0025418,Greg Olsen
z_mu[3],1.3764649629592896,0.6043870449066162,1.3703038692474365,0.3489808440208435,2.3306825160980225,2031.6604220489842,0.9986717104911804,00-0027061,Jared Cook
z_mu[4],1.6587361097335815,0.7243487238883972,1.6691240072250366,0.47158852219581604,2.869429588317871,1726.4231999068993,0.9996234774589539,00-0027656,Rob Gronkowski
z_mu[5],0.9929953217506409,0.6078887581825256,1.0035409927368164,0.0139934616163373,1.9275379180908203,2596.3574354791617,0.9982190728187561,00-0027696,Jimmy Graham
z_mu[6],-0.03337375819683075,0.4075993299484253,-0.037131138145923615,-0.782326877117157,0.5618624687194824,2118.989621820661,0.9983558058738708,00-0027981,Kyle Rudolph
z_mu[7],-0.6600871682167053,0.4208911061286926,-0.6596725583076477,-1.395056128501892,0.01770944707095623,2388.445326151314,0.9980095624923706,00-0028042,Luke Stocker
z_mu[8],-0.07449313253164291,0.656396746635437,-0.11270075291395187,-1.0752965211868286,1.1029211282730103,2311.6273195581825,0.9986832141876221,00-0028097,Lee Smith
z_mu[9],-0.1582493931055069,0.7959067225456238,-0.14788246154785156,-1.5013391971588135,1.0709691047668457,1710.9909407126831,1.0004805326461792,00-0028142,Virgil Green
z_mu[10],-0.050309229642152786,0.8111417889595032,-0.06701764464378357,-1.2547698020935059,1.300247073173523,2362.990222701868,0.9982612133026123,00-0029119,Derek Carrier
z_mu[11],0.22962714731693268,0.6657747030258179,0.2158801257610321,-0.7953001856803894,1.341113567352295,3266.2000248906743,0.999002993106842,00-0029738,Darren Fells
z_mu[12],1.5011855363845825,0.4708920419216156,1.4955971240997314,0.7387983798980713,2.200831174850464,1771.492118565733,0.9986990094184875,00-0030061,Zach Ertz
z_mu[13],-0.5653541684150696,0.9338231682777405,-0.5848247408866882,-1.9924602508544922,1.0314160585403442,3121.250592995272,0.9982562065124512,00-0030089,Luke Willson
z_mu[14],-0.5376713871955872,0.41146841645240784,-0.5298259854316711,-1.1671290397644043,0.15775488317012787,2424.057527987107,0.999204695224762,00-0030108,Ryan Griffin
z_mu[15],-0.8974507451057434,0.5122929811477661,-0.9107242822647095,-1.7086607217788696,-0.09558505564928055,1523.732139456971,1.0000717639923096,00-0030155,Demetrius Harris
z_mu[16],0.47653988003730774,0.5517651438713074,0.47219574451446533,-0.4849051535129547,1.306541919708252,2372.3021724725622,0.9987304210662842,00-0030181,Jack Doyle
z_mu[17],-0.689631998538971,0.515794575214386,-0.7133712768554688,-1.5266530513763428,0.16577856242656708,1594.0779030701299,0.9983649253845215,00-0030216,Josh Hill
z_mu[18],-0.5098658204078674,0.6097632646560669,-0.5228880643844604,-1.5134631395339966,0.4128057658672333,2037.8864420487873,0.9990341663360596,00-0030443,Levine Toilolo
z_mu[19],-0.6721290349960327,0.5825313329696655,-0.680079460144043,-1.6004459857940674,0.338480144739151,1829.6071171288045,0.9988581538200378,00-0030470,Vance McDonald
z_mu[20],0.03316522762179375,0.8272562623023987,0.022444307804107666,-1.2453533411026,1.466660499572754,1876.4559164103011,0.9981156587600708,00-0030472,Jordan Reed
z_mu[21],4.3256731033325195,0.6222999691963196,4.323899269104004,3.2946550846099854,5.335875988006592,1891.943625287975,0.9983257055282593,00-0030506,Travis Kelce
z_mu[22],0.1091422587633133,0.6296147108078003,0.10742688924074173,-0.8427842259407043,1.1602721214294434,2907.218806385899,0.9995774030685425,00-0030549,Tyler Eifert
z_mu[23],0.3406066298484802,0.6598694324493408,0.3413137197494507,-0.8749905824661255,1.2925604581832886,2088.469895759909,1.0000531673431396,00-0030710,Trey Burton
z_mu[24],0.9107956886291504,0.5299777388572693,0.9236447215080261,0.08432766795158386,1.7897791862487793,2318.3197201225817,0.9990535378456116,00-0031260,Logan Thomas
z_mu[25],0.5147870779037476,0.36862462759017944,0.5152853727340698,-0.03742975369095802,1.1696197986602783,1679.8662575518465,0.9989225268363953,00-0031273,Cameron Brate
z_mu[26],-0.4293673038482666,0.997320294380188,-0.4662134349346161,-2.187629461288452,1.1180369853973389,3652.9105644313363,0.9981023073196411,00-0031299,Jordan Matthews
z_mu[27],0.5143228769302368,0.7901711463928223,0.4850146770477295,-0.7730345726013184,1.740122675895691,2668.3276563509125,0.9981064796447754,00-0031384,Richard Rodgers
z_mu[28],0.9285401105880737,0.6562382578849792,0.9405760169029236,-0.11174779385328293,2.059837579727173,2746.22044672063,0.9981743097305298,00-0031387,Eric Ebron
z_mu[29],-0.708142876625061,0.2561785876750946,-0.7112026810646057,-1.114015817642212,-0.3081439137458801,1501.991816864874,0.998843789100647,00-0031484,Chris Manhertz
z_mu[30],0.3504471182823181,0.6244086623191833,0.336296021938324,-0.5329510569572449,1.4845478534698486,2447.4051700110967,0.9994996190071106,00-0031558,Maxx Williams
z_mu[31],0.3240576684474945,0.42441508173942566,0.315336138010025,-0.34670016169548035,0.9928538203239441,2674.704922734535,0.9984773993492126,00-0031585,MyCole Pruitt
z_mu[32],-0.4624048173427582,0.6293899416923523,-0.4889611005783081,-1.5152571201324463,0.5847568511962891,2278.578104304199,0.9986613988876343,00-0031598,Nick Boyle
z_mu[33],1.6512250900268555,0.5874588489532471,1.6463937759399414,0.6682555675506592,2.591296672821045,1641.8213469920452,0.9984920024871826,00-0031610,Darren Waller
z_mu[34],-0.6479688286781311,0.4897272288799286,-0.6577439308166504,-1.4776806831359863,0.12025190144777298,1956.6377958536273,0.9982350468635559,00-0031690,Eric Tomlinson
z_mu[35],0.33995214104652405,0.47780758142471313,0.3357591927051544,-0.4642322361469269,1.101841688156128,2063.1777217710082,0.9989464282989502,00-0031951,James O'Shaughnessy
z_mu[36],-0.8562436103820801,0.25782510638237,-0.8562679290771484,-1.3359169960021973,-0.5074827075004578,1353.7793139175446,0.9982884526252747,00-0032062,Blake Bell
z_mu[37],0.16001257300376892,0.727866530418396,0.20509706437587738,-1.0057182312011719,1.3266408443450928,2326.1887392863205,0.9994316697120667,00-0032098,Daniel Brown
z_mu[38],0.26830846071243286,0.424384206533432,0.27610230445861816,-0.47433745861053467,0.8663950562477112,2132.361237213413,0.9987923502922058,00-0032134,C.J. Uzomah
z_mu[39],-0.5212631225585938,0.5001765489578247,-0.5378444194793701,-1.3704233169555664,0.24698108434677124,1574.324537280093,0.9981476068496704,00-0032135,Jesse James
z_mu[40],-0.5385490655899048,0.3587917387485504,-0.537388801574707,-1.1873501539230347,-0.027561841532588005,1594.152077071562,0.9995629191398621,00-0032141,Geoff Swaim
z_mu[41],0.017772117629647255,0.523074209690094,0.014323277398943901,-0.8283875584602356,0.8352586030960083,2330.6856399385715,0.9989297389984131,00-0032214,Tyler Kroft
z_mu[42],0.31623923778533936,0.3423464596271515,0.31129544973373413,-0.2862405776977539,0.8442589044570923,1939.4319376446647,0.9987455606460571,00-0032392,Austin Hooper
z_mu[43],-0.3355066478252411,0.372142493724823,-0.34659498929977417,-0.8953062891960144,0.30130818486213684,2174.16076345621,0.9992393851280212,00-0032394,Nick Vannett
z_mu[44],-0.6073728799819946,0.453432559967041,-0.6170737743377686,-1.3238366842269897,0.14419926702976227,1550.7993851060849,0.9992976188659668,00-0032725,Stephen Anderson
z_mu[45],-0.45108693838119507,0.9822465181350708,-0.44990867376327515,-2.1188440322875977,1.0671435594558716,2573.4718446201937,0.9988729357719421,00-0032986,J.P. Holtz
z_mu[46],-0.43320176005363464,1.0123624801635742,-0.4403166174888611,-2.116100311279297,1.1407060623168945,2251.0203158107593,0.9993108510971069,00-0033080,Seth DeValve
z_mu[47],1.389436960220337,0.46408864855766296,1.3852322101593018,0.5585358142852783,2.092404365539551,1884.7325414483475,0.9988198280334473,00-0033090,Hunter Henry
z_mu[48],-0.10748490691184998,0.8536376953125,-0.10556802153587341,-1.3751507997512817,1.3547204732894897,1600.815584176889,0.9981604218482971,00-0033095,Garrett Griffin
z_mu[49],1.2996853590011597,0.4532594680786133,1.2915866374969482,0.5427699089050293,2.02459979057312,2357.003886334205,0.9981851577758789,00-0033110,Tyler Higbee
z_mu[50],-0.6760033965110779,0.7836397290229797,-0.7110729217529297,-2.157759666442871,0.4610106348991394,2464.410509917315,0.9984970688819885,00-0033112,Temarrick Hemingway
z_mu[51],-0.3065251410007477,0.32925945520401,-0.3273235857486725,-0.7902421355247498,0.25817006826400757,1608.6632716085078,0.9989414811134338,00-0033217,Mo Alie-Cox
z_mu[52],-0.1963343620300293,0.2897966504096985,-0.20368632674217224,-0.7078417539596558,0.20468410849571228,1398.5065889529023,0.9993008375167847,00-0033246,Johnny Mundt
z_mu[53],-0.6298172473907471,0.54133540391922,-0.651944100856781,-1.4981545209884644,0.329315185546875,1883.0412652324517,0.9994432330131531,00-0033258,Darrell Daniels
z_mu[54],2.767592668533325,0.5939353108406067,2.737842321395874,1.8573269844055176,3.831695079803467,2388.191740543141,0.9988952875137329,00-0033288,George Kittle
z_mu[55],-0.5431897044181824,0.4600301682949066,-0.5565475225448608,-1.232825517654419,0.22751501202583313,1800.1488489289216,0.9985078573226929,00-0033338,Cethan Carter
z_mu[56],2.314403533935547,0.667312502861023,2.30692720413208,1.177838683128357,3.375431776046753,2163.8266613379337,0.9996166825294495,00-0033357,Taysom Hill
z_mu[57],-0.041852738708257675,0.572955310344696,-0.042775265872478485,-0.992404043674469,0.8908589482307434,2185.5578042173042,0.9998724460601807,00-0033387,Jacob Hollister
z_mu[58],0.018445074558258057,0.7378333806991577,-0.011245107278227806,-1.1901097297668457,1.2278354167938232,1851.7648659002036,0.9989039897918701,00-0033421,Antony Auclair
z_mu[59],-0.5146003365516663,0.31267380714416504,-0.5080932378768921,-1.0989413261413574,-0.08182050287723541,1558.4977163143703,0.9981352686882019,00-0033439,Pharaoh Brown
z_mu[60],-0.40515226125717163,0.36506253480911255,-0.39327359199523926,-1.0061888694763184,0.17305517196655273,1300.2242302368186,0.9997984766960144,00-0033455,Anthony Firkser
z_mu[61],-0.5321430563926697,0.6253771781921387,-0.5318014621734619,-1.5731438398361206,0.4683718681335449,2356.4752026058163,0.9985649585723877,00-0033528,Jeremy Sprinkle
z_mu[62],-0.8947808742523193,0.8039568066596985,-0.9291712045669556,-2.1381313800811768,0.42280837893486023,1202.232086600931,1.001718282699585,00-0033564,Jake Butt
z_mu[63],-0.4918506145477295,0.3460623025894165,-0.4888690710067749,-1.032037377357483,0.08498787879943848,2127.6365918749134,0.9985499978065491,00-0033576,Eric Saubert
z_mu[64],0.5187076926231384,0.7422601580619812,0.5122647285461426,-0.6452865600585938,1.8211615085601807,2969.413161106228,0.9990882873535156,00-0033611,Ricky Seals-Jones
z_mu[65],0.29493555426597595,0.9925078749656677,0.2938460111618042,-1.409083604812622,1.8130820989608765,2170.4444661743914,0.9984437823295593,00-0033627,Jason Croom
z_mu[66],0.14409388601779938,0.6338067650794983,0.13400648534297943,-0.7712684869766235,1.3282215595245361,2659.869717846918,0.9987744688987732,00-0033658,Blake Jarwin
z_mu[67],-0.2211785912513733,0.8694419264793396,-0.2395624816417694,-1.542777180671692,1.2596700191497803,1752.975129104584,0.9983359575271606,00-0033720,Colin Thompson
z_mu[68],0.6213215589523315,0.4684259295463562,0.6048508286476135,-0.1406133472919464,1.4276158809661865,2549.2737380689937,0.9985648989677429,00-0033757,Robert Tonyan
z_mu[69],-0.6756933927536011,0.694622814655304,-0.6985311508178711,-1.7281538248062134,0.4954039752483368,1995.2979351422562,0.9999306201934814,00-0033798,Mason Schreck
z_mu[70],1.0059057474136353,0.4468831419944763,0.983728289604187,0.3327687978744507,1.8010846376419067,1598.19865615696,0.9984380006790161,00-0033858,Jonnu Smith
z_mu[71],-0.7503892779350281,0.4720095098018646,-0.7479135990142822,-1.5153193473815918,0.01473799254745245,1966.6419495096675,0.9993694424629211,00-0033879,O.J. Howard
z_mu[72],1.2345348596572876,0.44740375876426697,1.2385544776916504,0.4715178608894348,1.8883838653564453,1970.7512931061592,0.9980058670043945,00-0033881,Evan Engram
z_mu[73],1.2895885705947876,0.48364871740341187,1.283146619796753,0.5491095781326294,2.1235527992248535,2597.527909249918,0.9996551275253296,00-0033885,David Njoku
z_mu[74],0.8553948998451233,0.4242013394832611,0.8525021076202393,0.14440371096134186,1.4977693557739258,2026.4704148400904,0.9982538223266602,00-0033895,Gerald Everett
z_mu[75],-0.19065770506858826,0.490973562002182,-0.19535115361213684,-0.9809914827346802,0.5719378590583801,1864.5105119698628,0.9983690977096558,00-0033896,Adam Shaheen
z_mu[76],0.2744399607181549,0.43554022908210754,0.2856188714504242,-0.4157559275627136,1.0216253995895386,1246.3583652559032,0.9983383417129517,00-0034011,Dan Arnold
z_mu[77],0.2560690939426422,0.4868243336677551,0.24622991681098938,-0.5006476044654846,1.0823756456375122,1953.9274900467792,0.9982144832611084,00-0034073,Ross Dwelley
z_mu[78],0.27650827169418335,0.28566575050354004,0.2734290361404419,-0.1582702100276947,0.7681476473808289,951.5579148676347,0.9999168515205383,00-0034159,Will Dissly
z_mu[79],-0.3323427438735962,1.0039721727371216,-0.3422330319881439,-1.9170441627502441,1.4761028289794922,2367.0019527442596,0.9986703991889954,00-0034169,Marcus Baugh
z_mu[80],-0.805666446685791,0.5339524149894714,-0.8141111135482788,-1.6803711652755737,0.03385799378156662,1348.7609135145215,0.9999416470527649,00-0034192,Nick Keizer
z_mu[81],-0.864151120185852,0.6569201350212097,-0.8912465572357178,-2.0054445266723633,0.10553155839443207,2274.6383056288037,1.0020723342895508,00-0034193,Kevin Rader
z_mu[82],0.9975427389144897,0.40278738737106323,0.9976149797439575,0.3030472695827484,1.616941213607788,1574.8274232366193,0.9985359907150269,00-0034270,Tyler Conklin
z_mu[83],-0.5950079560279846,0.5043476819992065,-0.5949868559837341,-1.351468563079834,0.24706152081489563,1349.021976975821,0.9983521103858948,00-0034319,Deon Yelder
z_mu[84],2.0442276000976562,0.4648357629776001,2.0518922805786133,1.3491319417953491,2.8448588848114014,2530.2606526646578,0.999492347240448,00-0034351,Dallas Goedert
z_mu[85],0.17007172107696533,0.356261283159256,0.16512444615364075,-0.45536234974861145,0.6978501677513123,1722.7981723181515,0.9985764622688293,00-0034364,Jordan Akins
z_mu[86],-0.8524488210678101,0.25124654173851013,-0.838637113571167,-1.2914093732833862,-0.4740915596485138,1173.3947827221714,0.9990835189819336,00-0034365,Ian Thomas
z_mu[87],1.5752036571502686,0.47273728251457214,1.5716736316680908,0.7972966432571411,2.3611128330230713,1948.6528498164528,0.9983289241790771,00-0034383,Dalton Schultz
z_mu[88],-0.5289446115493774,0.8012990355491638,-0.5503032803535461,-1.9515445232391357,0.6923642754554749,2362.146788889657,0.9982300996780396,00-0034393,Troy Fumagalli
z_mu[89],-0.1775677502155304,0.8310784101486206,-0.18331342935562134,-1.6577348709106445,1.1017465591430664,3272.557990175234,0.9981241226196289,00-0034420,Jordan Thomas
z_mu[90],-0.4060208201408386,0.551759660243988,-0.4152500033378601,-1.2563107013702393,0.48175492882728577,2255.616146736502,0.9996750354766846,00-0034439,Ryan Izzo
z_mu[91],-0.3820635974407196,0.9224411845207214,-0.39393019676208496,-1.8216406106948853,1.1139757633209229,2380.1650148605036,0.9983617663383484,00-0034575,David Wells
z_mu[92],-0.09180369973182678,0.4365008771419525,-0.08869270235300064,-0.8197929263114929,0.5928165912628174,2309.1818398870864,0.9984683990478516,00-0034613,Tanner Hudson
z_mu[93],-0.26752573251724243,0.9640072584152222,-0.25568681955337524,-1.7352973222732544,1.3419859409332275,1881.767443631288,0.9980440139770508,00-0034672,Ethan Wolf
z_mu[94],-0.4398859739303589,0.9571613669395447,-0.43582627177238464,-2.087733745574951,1.054890751838684,2053.2603828322267,0.9990942478179932,00-0034735,Codey McElroy
z_mu[95],2.581636905670166,0.5519763231277466,2.6006150245666504,1.66535222530365,3.430697441101074,2131.4969738098393,0.998401403427124,00-0034753,Mark Andrews
z_mu[96],-0.1411583572626114,0.682425320148468,-0.1298457384109497,-1.2093615531921387,1.0226606130599976,1406.4479256814125,1.0003736019134521,00-0034766,Christopher Herndon
z_mu[97],-0.6908347606658936,0.6743234992027283,-0.7151992321014404,-1.770609736442566,0.3518916964530945,1618.3051318860519,0.9991371035575867,00-0034788,Jaeden Graham
z_mu[98],0.018537485972046852,0.2784983813762665,0.013267741538584232,-0.40620163083076477,0.480547159910202,1764.9349859099752,0.999550998210907,00-0034798,Durham Smythe
z_mu[99],0.6932739019393921,0.44274458289146423,0.699268102645874,-0.11969104409217834,1.336208701133728,2018.1242799084039,0.9988065361976624,00-0034829,Mike Gesicki
z_mu[100],0.6348032355308533,0.43377459049224854,0.633654773235321,-0.01983948051929474,1.3421640396118164,1875.9834495012644,0.9990745782852173,00-0034830,Hayden Hurst
z_mu[101],0.14170412719249725,0.500791609287262,0.13571074604988098,-0.6708374619483948,0.9456827640533447,1825.5213899261078,0.9997805953025818,00-0034970,Irv Smith
z_mu[102],0.801777720451355,0.3978368043899536,0.7979956865310669,0.1472923904657364,1.4337667226791382,1445.3854319398008,1.0005697011947632,00-0034981,Foster Moreau
z_mu[103],-0.6654267311096191,0.340796560049057,-0.660552442073822,-1.233291745185852,-0.12829624116420746,1161.8038034417104,1.000941514968872,00-0034988,Kaden Smith
z_mu[104],-0.34382200241088867,0.7302032113075256,-0.35024094581604004,-1.5087190866470337,0.8391286134719849,2809.5421166463602,0.9986362457275391,00-0035039,Stephen Carlson
z_mu[105],-0.3437328040599823,0.9476844668388367,-0.3625290095806122,-1.9084391593933105,1.141648292541504,1854.0750619264547,0.9983465671539307,00-0035102,Brandon Dillon
z_mu[106],-0.48933231830596924,0.4038144648075104,-0.4802342355251312,-1.137323260307312,0.15731263160705566,2209.067933364408,0.9987236857414246,00-0035222,Zach Gentry
z_mu[107],2.356125831604004,0.501891016960144,2.3694334030151367,1.553152322769165,3.237424850463867,1850.508141313101,0.9985010623931885,00-0035229,T.J. Hockenson
z_mu[108],-0.3302609324455261,0.33619463443756104,-0.32820069789886475,-0.8799865245819092,0.20364026725292206,1551.0921537207746,0.9991545081138611,00-0035249,Josh Oliver
z_mu[109],-0.9019089937210083,0.4191305935382843,-0.9102467894554138,-1.6016422510147095,-0.2702629864215851,1716.3753286664378,0.9988173246383667,00-0035259,Trevon Wesco
z_mu[110],-0.3964237570762634,0.6385060548782349,-0.4258557856082916,-1.4507594108581543,0.5932131409645081,1790.1243053367507,1.000504732131958,00-0035308,Tommy Sweeney
z_mu[111],0.5545420050621033,0.47383296489715576,0.5337730646133423,-0.2807617783546448,1.2597942352294922,2595.989625182043,0.9989243149757385,00-0035329,Donald Parham
z_mu[112],-0.25880101323127747,0.5850469470024109,-0.2782154083251953,-1.2982101440429688,0.6384457945823669,1677.0604122098866,0.9994074702262878,00-0035345,Chris Myarick
z_mu[113],-0.21524927020072937,0.9264644980430603,-0.21685296297073364,-1.613709568977356,1.3462538719177246,2236.439990672992,0.9982258081436157,00-0035356,Tyree Jackson
z_mu[114],-0.6246023774147034,0.8343663215637207,-0.6286219358444214,-1.9653195142745972,0.7272751927375793,3166.4818968235386,0.9993453621864319,00-0035428,Daniel Helm
z_mu[115],-0.7187164425849915,0.8403626680374146,-0.7550058364868164,-1.9633166790008545,0.7866191864013672,2536.915599155352,0.9984045028686523,00-0035539,Isaac Nauta
z_mu[116],-0.008349303156137466,0.5448251962661743,0.003446622984483838,-0.8853892683982849,0.8692707419395447,2853.2115375048297,0.9987872838973999,00-0035547,Joseph Fortson
z_mu[117],0.06000117212533951,0.7575135827064514,0.06318717449903488,-1.1870414018630981,1.3082339763641357,2496.214828480721,0.9985734820365906,00-0035562,Jesper Horsted
z_mu[118],-0.6023523807525635,0.38870611786842346,-0.6164610981941223,-1.1754437685012817,0.07169768959283829,1579.7895607998296,0.9992472529411316,00-0035572,Parker Hesse
z_mu[119],0.13816460967063904,0.7180209755897522,0.13023069500923157,-0.9691633582115173,1.405009388923645,1977.9730305720573,0.9992098808288574,00-0035603,Kendall Blanton
z_mu[120],-0.23825936019420624,0.679387629032135,-0.21534860134124756,-1.2765060663223267,0.9865005016326904,2314.7885066361227,0.9990012645721436,00-0035624,N'Keal Harry
z_mu[121],-0.41022729873657227,0.28472644090652466,-0.41472506523132324,-0.8646578192710876,0.048936162143945694,1446.2040315253798,0.9985344409942627,00-0035631,Drew Sample
z_mu[122],1.0675033330917358,0.3660631477832794,1.065767765045166,0.52231365442276,1.6726371049880981,1931.9232899320996,0.9982205629348755,00-0035644,Noah Fant
z_mu[123],-0.4625230133533478,0.7777978181838989,-0.47906559705734253,-1.5416511297225952,0.8905852437019348,2072.8951159279823,0.9995532035827637,00-0035660,Kahale Warring
z_mu[124],0.2531743049621582,0.7640154361724854,0.24895277619361877,-0.8932982683181763,1.5472426414489746,2429.0229354034195,0.9983951449394226,00-0035671,Jace Sternberger
z_mu[125],1.0921038389205933,0.37144890427589417,1.0782253742218018,0.49119701981544495,1.6896809339523315,1754.6470329572858,0.9988290667533875,00-0035689,Dawson Knox
z_mu[126],-0.7902731895446777,0.33981946110725403,-0.8101224899291992,-1.3132973909378052,-0.21165767312049866,1422.0317132884122,0.9984269738197327,00-0035771,Mitchell Wilcox
z_mu[127],-0.733502209186554,0.6440833210945129,-0.7532230019569397,-1.7449570894241333,0.3461615741252899,2307.8620026277895,0.9985352754592896,00-0035823,Ben Ellefson
z_mu[128],-0.39325228333473206,0.5535285472869873,-0.40403592586517334,-1.2774087190628052,0.5016401410102844,1776.933624259925,0.9981516599655151,00-0035956,Giovanni Ricci
z_mu[129],-0.7306017875671387,0.9178874492645264,-0.7764199376106262,-2.199326753616333,0.7626202702522278,1992.2832784753548,0.9986864924430847,00-0036005,Noah Togiai
z_mu[130],-0.38452231884002686,0.8927792310714722,-0.3943033218383789,-1.6836448907852173,1.201088309288025,2334.6525004400705,0.998291552066803,00-0036008,Hunter Bryant
z_mu[131],-0.7352009415626526,0.5895057320594788,-0.7352612018585205,-1.7507706880569458,0.14189539849758148,1622.5024775128625,0.998750627040863,00-0036032,Sean McKeon
z_mu[132],0.6445555686950684,0.4613426923751831,0.642479419708252,-0.06110995635390282,1.466597318649292,1772.7110161362195,0.9981985092163086,00-0036040,Juwan Johnson
z_mu[133],0.29956480860710144,0.946456789970398,0.3328130841255188,-1.2197237014770508,1.919627070426941,1835.3619955244392,1.0008949041366577,00-0036059,Tyler Mabry
z_mu[134],-0.2540949285030365,0.6287114024162292,-0.28387483954429626,-1.2044044733047485,0.8759505748748779,2092.261181216618,0.9988563060760498,00-0036145,Lawrence Cager
z_mu[135],-0.8169741630554199,0.6867290735244751,-0.8303316235542297,-1.8356611728668213,0.4310356676578522,1886.6912642420182,0.99882572889328,00-0036173,Tommy Hudson
z_mu[136],-0.9740849733352661,0.7032286524772644,-0.9949002265930176,-2.1124210357666016,0.24257230758666992,1605.2545962480744,0.9997147917747498,00-0036194,Devin Asiasi
z_mu[137],-0.6285781264305115,0.7678569555282593,-0.6590375900268555,-1.8654375076293945,0.5843751430511475,1856.6058493344808,0.9997034072875977,00-0036225,Dalton Keene
z_mu[138],-0.11097593605518341,0.3379429280757904,-0.12302842736244202,-0.6504908204078674,0.43585047125816345,2080.6180489411636,0.9980823993682861,00-0036232,Harrison Bryant
z_mu[139],-0.12215099483728409,0.319670170545578,-0.11355480551719666,-0.6643248200416565,0.37172842025756836,1407.0669061970575,0.9994997382164001,00-0036244,Colby Parkinson
z_mu[140],-0.8884715437889099,0.5092640519142151,-0.9065265655517578,-1.7581270933151245,-0.09664244204759598,1976.9780418937821,0.9990453720092773,00-0036250,Tyler Davis
z_mu[141],0.7390902042388916,0.42542606592178345,0.7409828901290894,-0.017473513260483742,1.4174351692199707,2020.0021530627266,0.9989985823631287,00-0036290,Cole Kmet
z_mu[142],-0.3488372564315796,0.38620972633361816,-0.3650457561016083,-1.0989264249801636,0.15754474699497223,1881.4279607683254,0.9987516403198242,00-0036332,Josiah Deguara
z_mu[143],-0.3859948217868805,0.3017171323299408,-0.3863288164138794,-0.9110044836997986,0.08293183892965317,2047.1632017904765,0.9991536140441895,00-0036422,Adam Trautman
z_mu[144],0.11640968918800354,0.5751679539680481,0.10639618337154388,-0.7510343790054321,1.1640374660491943,2790.102377165924,0.9984057545661926,00-0036423,Albert Okwuegbunam
z_mu[145],-0.37640315294265747,0.5433639883995056,-0.3756059408187866,-1.2205647230148315,0.5555800199508667,1865.3760986422485,0.9999217987060547,00-0036424,Brycen Hopkins
z_mu[146],-0.9152543544769287,0.28824183344841003,-0.9126328229904175,-1.3373922109603882,-0.4408741593360901,1360.4535290336062,0.9981664419174194,00-0036429,Charlie Woerner
z_mu[147],-0.27279385924339294,0.9673548936843872,-0.2905033230781555,-1.9086395502090454,1.3594071865081787,3248.64831161433,0.9982961416244507,00-0036433,Tommy Stevens
z_mu[148],-0.8119030594825745,0.4468332529067993,-0.8220115900039673,-1.5364418029785156,-0.10719548165798187,1921.1785678727156,1.000848412513733,00-0036438,Stephen Sullivan
z_mu[149],-0.501230001449585,0.6469467282295227,-0.5301470756530762,-1.6770837306976318,0.4522925913333893,1867.1157865488958,0.9984696507453918,00-0036456,Dominique Dafney
z_mu[150],-0.2660231292247772,0.5862241983413696,-0.2608628273010254,-1.2302477359771729,0.6377426385879517,2361.9805327985605,0.9982194304466248,00-0036510,Kenny Yeboah
z_mu[151],-0.6298407912254333,0.5913663506507874,-0.6297667026519775,-1.529111385345459,0.3306691348552704,1690.7347761679819,0.9983236789703369,00-0036534,Shane Zylstra
z_mu[152],0.026079636067152023,0.49583396315574646,0.024317782372236252,-0.801226794719696,0.8258810043334961,2455.4236124653808,0.9986704587936401,00-0036556,Brevin Jordan
z_mu[153],0.0038660704158246517,0.5306310653686523,0.002405890030786395,-0.8933395743370056,0.8201253414154053,2953.973862501474,1.0000028610229492,00-0036590,Quintin Morris
z_mu[154],-0.6051161289215088,0.2955012917518616,-0.5993070602416992,-1.0561274290084839,-0.15234528481960297,1880.4778598130904,0.9982302784919739,00-0036628,John Bates
z_mu[155],0.18111833930015564,0.27212968468666077,0.18037055432796478,-0.2681386172771454,0.6064663529396057,1725.265069796243,0.9983641505241394,00-0036637,Noah Gray
z_mu[156],-0.7166835069656372,0.7892260551452637,-0.7506097555160522,-2.0303947925567627,0.48773953318595886,2140.891946148064,0.9983161091804504,00-0036640,Zach Davidson
z_mu[157],-0.44325679540634155,0.9982589483261108,-0.439453125,-2.062957763671875,1.2543796300888062,2123.5343235136534,0.9988272190093994,00-0036692,Miller Forristall
z_mu[158],-0.7998670935630798,0.27302247285842896,-0.7923202514648438,-1.2717199325561523,-0.39980047941207886,864.4401789052812,1.002047061920166,00-0036741,Jack Stoll
z_mu[159],0.09815244376659393,0.4271467626094818,0.08151304721832275,-0.5964872241020203,0.7690102458000183,1697.0199407862137,1.0000414848327637,00-0036754,Brock Wright
z_mu[160],-1.5021066665649414,0.5775492787361145,-1.520812749862671,-2.3333723545074463,-0.5417754054069519,1611.8601917740848,0.9982829093933105,00-0036825,Feleipe Franks
z_mu[161],-0.40027502179145813,0.3103060722351074,-0.4068251848220825,-0.9689710140228271,0.06065652146935463,1330.7061439774257,0.99953293800354,00-0036876,Kylen Granson
z_mu[162],-0.6451535820960999,0.24188514053821564,-0.6499010324478149,-1.0285032987594604,-0.2814636826515198,1276.9164745433316,0.9995962977409363,00-0036887,Luke Farrell
z_mu[163],1.8339729309082031,0.4530355930328369,1.8242863416671753,1.124495267868042,2.63008713722229,1594.7638927756639,0.9982641339302063,00-0036894,Pat Freiermuth
z_mu[164],0.5003721714019775,0.4913496971130371,0.5207792520523071,-0.2852799892425537,1.270926833152771,1385.1903715444953,0.9981192946434021,00-0036970,Kyle Pitts
z_mu[165],-0.43756985664367676,0.46336057782173157,-0.4793696999549866,-1.252833604812622,0.2677179276943207,1946.3869818314236,0.9983359575271606,00-0037004,Hunter Long
z_mu[166],0.07610288262367249,0.36696696281433105,0.06886525452136993,-0.5470850467681885,0.6259779334068298,2076.178874837371,0.9984536170959473,00-0037005,Tommy Tremble
z_mu[167],-0.6914833784103394,0.4354040324687958,-0.7130852341651917,-1.4057492017745972,-0.02759360894560814,1856.4081757644387,0.9985633492469788,00-0037011,Tre' McKitty
z_mu[168],-0.8187226057052612,0.5504807233810425,-0.8308621644973755,-1.6961411237716675,0.0868489146232605,1754.7137480119234,0.9985837936401367,00-0037078,Cole Turner
z_mu[169],0.03916768729686737,0.4499494433403015,0.04230858013033867,-0.6420957446098328,0.8758990168571472,2033.9054833716248,0.9987632036209106,00-0037086,Grant Calcaterra
z_mu[170],-0.4485163390636444,1.0030134916305542,-0.44846561551094055,-1.955095887184143,1.2739346027374268,2213.688773392706,0.9999516606330872,00-0037112,Jake Tonges
z_mu[171],-0.2612549364566803,0.6634016036987305,-0.24969199299812317,-1.3967616558074951,0.7645635008811951,2169.497629587954,0.9995503425598145,00-0037168,Armani Rogers
z_mu[172],0.10726740211248398,0.7176875472068787,0.13515061140060425,-1.0094085931777954,1.350048303604126,1966.4245879574667,0.9987663626670837,00-0037252,Greg Dulcich
z_mu[173],-0.2007743865251541,0.627718448638916,-0.1998927891254425,-1.3291189670562744,0.7301082015037537,2283.6029311432776,1.0032416582107544,00-0037277,Teagan Quitoriano
z_mu[174],-0.00880440603941679,0.5180482268333435,-0.031635645776987076,-0.9708085656166077,0.7197926044464111,1612.655608615688,0.9983996748924255,00-0037282,James Mitchell
z_mu[175],-0.7421883344650269,0.4451686143875122,-0.7595043778419495,-1.3928710222244263,0.013004036620259285,1546.9271038190336,0.9996264576911926,00-0037292,Andrew Ogletree
z_mu[176],-0.27881085872650146,0.42463958263397217,-0.2841096520423889,-0.9920010566711426,0.3715941905975342,1978.8060965777863,0.9996322989463806,00-0037304,Connor Heyward
z_mu[177],-0.4753483831882477,0.8354570865631104,-0.4832807779312134,-1.8343570232391357,0.8212485313415527,2638.5270338057326,0.9999744892120361,00-0037306,John FitzPatrick
z_mu[178],-0.4673405885696411,0.4780386984348297,-0.4770301580429077,-1.270464301109314,0.27571427822113037,1988.5158753785804,1.0001940727233887,00-0037311,Ko Kieft
z_mu[179],-0.15248636901378632,0.9171937108039856,-0.19527457654476166,-1.6395553350448608,1.3480303287506104,2169.8051582533326,0.9986980557441711,00-0037317,Nick Muse
z_mu[180],-0.4503118097782135,0.988225519657135,-0.4539807438850403,-1.976991891860962,1.2590349912643433,2007.8063705306643,0.9994179606437683,00-0037451,Rod Williams
z_mu[181],-0.2625686824321747,0.4027002155780792,-0.2729608416557312,-0.9254004955291748,0.4078625440597534,2426.2826861383273,0.9982312917709351,00-0037475,Stone Smartt
z_mu[182],-0.330822229385376,0.9636695384979248,-0.33881738781929016,-1.708357572555542,1.4100103378295898,1620.3857636471048,0.9993109107017517,00-0037506,Cole Fotheringham
z_mu[183],-0.31634625792503357,0.43849611282348633,-0.32008132338523865,-1.0693632364273071,0.37544697523117065,1610.1577522573893,0.999561607837677,00-0037539,Lucas Krull
z_mu[184],-0.4316132366657257,0.44084256887435913,-0.445442795753479,-1.17835533618927,0.2553780972957611,1488.5416612030224,0.9980620741844177,00-0037569,Peyton Hendershot
z_mu[185],-0.7250868082046509,0.4178859293460846,-0.7413511276245117,-1.388361930847168,-0.05365923047065735,1784.496822321094,0.9985830783843994,00-0037654,Tucker Fisk
z_mu[186],1.225089430809021,0.4996856153011322,1.2294045686721802,0.3562268614768982,1.988067626953125,1942.483425177509,0.9990020990371704,00-0037744,Trey McBride
z_mu[187],0.24309703707695007,0.6902779340744019,0.21887314319610596,-0.9708543419837952,1.296871304512024,2084.1782614823014,0.9986393451690674,00-0037755,Jelani Woods
z_mu[188],-0.6302286386489868,0.325005441904068,-0.632992684841156,-1.1183372735977173,-0.06586199998855591,1541.0819740544632,0.998443603515625,00-0037805,Jeremy Ruckert
z_mu[189],0.612438440322876,0.4459286630153656,0.5872882604598999,-0.02261319011449814,1.367666244506836,1548.1601290202746,0.999035656452179,00-0037809,Chigoziem Okonkwo
z_mu[190],0.9575812220573425,0.5543797612190247,0.9557622671127319,0.10149571299552917,1.9380453824996948,3398.8760596630773,0.9982840418815613,00-0037838,Isaiah Likely
z_mu[191],0.909679114818573,0.5091894865036011,0.9030376672744751,0.10462287813425064,1.7323867082595825,2278.4918177234545,0.9986240863800049,00-0038041,Jake Ferguson
z_mu[192],-0.2649127244949341,0.52428138256073,-0.2725428342819214,-1.1352992057800293,0.5392049551010132,2061.7573919081724,0.9985687136650085,00-0038046,Charlie Kolar
z_mu[193],0.41590338945388794,0.430031418800354,0.4307103157043457,-0.3041151463985443,1.0762864351272583,2359.528934761,0.9990337491035461,00-0038115,Daniel Bellinger
z_mu[194],0.9872439503669739,0.4938603639602661,0.9681271314620972,0.19519151747226715,1.7706388235092163,1814.6227414189796,0.9980391263961792,00-0038129,Cade Otton
z_mu[195],-0.9191167950630188,0.44119343161582947,-0.9328227043151855,-1.6259738206863403,-0.16064754128456116,1646.1163959797943,0.999023973941803,00-0038394,Will Mallory
z_mu[196],0.21054300665855408,0.9615681171417236,0.16547301411628723,-1.4192156791687012,1.747509479522705,1841.4533248366677,0.9986980557441711,00-0038498,E.J. Jenkins
z_mu[197],-0.4027961194515228,0.47373563051223755,-0.4188174903392792,-1.1662112474441528,0.4073452949523926,1626.9315087234045,0.9984951019287109,00-0038547,Luke Schoonmaker
z_mu[198],-0.5169731974601746,0.35666489601135254,-0.516671895980835,-1.0416789054870605,0.0982760488986969,1397.6974798809351,1.0005102157592773,00-0038558,Darnell Washington
z_mu[199],-0.23991896212100983,0.47376182675361633,-0.2695356607437134,-1.0277780294418335,0.525712788105011,2384.5529699140425,0.9989452362060547,00-0038589,Josh Whyle
z_mu[200],-0.40137559175491333,0.9241023063659668,-0.40052884817123413,-1.7419863939285278,1.2467697858810425,1405.7951205269937,0.9987978935241699,00-0038643,Brayden Willis
z_mu[201],-0.8191958665847778,0.6096185445785522,-0.8326683044433594,-1.7543524503707886,0.2233995944261551,2319.5055117771303,0.998072624206543,00-0038710,Blake Whiteheart
z_mu[202],-0.8501907587051392,0.38146379590034485,-0.8537923097610474,-1.4573014974594116,-0.23586095869541168,1697.5345453093262,0.9982273578643799,00-0038720,Julian Hill
z_mu[203],-0.03321992978453636,0.49559956789016724,-0.04499027505517006,-0.8415777683258057,0.7466592788696289,1975.6502592892627,0.9983828663825989,00-0038783,Nate Adkins
z_mu[204],-0.6882545948028564,0.4891996681690216,-0.6980646848678589,-1.347357988357544,0.1980123519897461,1624.9886208945159,0.9995350241661072,00-0038809,Ben Sims
z_mu[205],-0.3525507152080536,0.9644649624824524,-0.368735134601593,-1.935450792312622,1.2127645015716553,3314.3618308000155,0.9981669783592224,00-0038920,John Samuel Shenker
z_mu[206],1.1264047622680664,0.5876185297966003,1.1174566745758057,0.1630159318447113,2.046013832092285,2186.392829699463,0.9983317255973816,00-0038933,Dalton Kincaid
z_mu[207],0.24297010898590088,0.6362031102180481,0.2507932186126709,-0.8627662658691406,1.2466099262237549,2339.6175648106782,0.9989646673202515,00-0038935,Brenton Strange
z_mu[208],1.7589547634124756,0.5347633361816406,1.7488365173339844,0.9608113765716553,2.6542866230010986,2539.5052222759705,0.998359203338623,00-0038996,Tucker Kraft
z_mu[209],-0.027801522985100746,0.36658012866973877,-0.014337562024593353,-0.632458508014679,0.5501895546913147,1986.0295396575946,0.998142421245575,00-0039041,Elijah Higgins
z_mu[210],0.24568532407283783,0.5347734689712524,0.24045737087726593,-0.6260629892349243,1.1198453903198242,1580.7701672947733,0.9996224045753479,00-0039050,Payne Durham
z_mu[211],2.5177767276763916,0.6223978996276855,2.532622814178467,1.5026137828826904,3.504490852355957,1915.0241675233628,0.9997119903564453,00-0039065,Sam LaPorta
z_mu[212],-0.1601770669221878,0.5322045683860779,-0.18820306658744812,-1.037369966506958,0.6732345223426819,2616.608463689976,0.9982244372367859,00-0039066,Michael Mayer
z_mu[213],-0.2429967224597931,0.6464405059814453,-0.2631010413169861,-1.3246124982833862,0.8208155035972595,2383.1158788400003,0.9995788335800171,00-0039074,Davis Allen
z_mu[214],-0.16237886250019073,0.5679776072502136,-0.1909784972667694,-1.0147355794906616,0.8206725120544434,2083.450436282563,0.9986871480941772,00-0039144,Luke Musgrave
z_mu[215],-0.44712674617767334,1.000470757484436,-0.466178297996521,-2.1600334644317627,1.080446720123291,2298.944995981706,0.9992854595184326,00-0039316,Baylor Cupp
z_mu[216],1.7262187004089355,0.8220999240875244,1.731332778930664,0.2952527701854706,3.029186248779297,1855.4248004607798,1.0006712675094604,00-0039338,Brock Bowers
z_mu[217],0.2666285037994385,0.6178712844848633,0.25461345911026,-0.7742494344711304,1.2469866275787354,2065.6482016567065,0.998474657535553,00-0039356,Ja'Tavion Sanders
z_mu[218],-0.3260583281517029,0.48095187544822693,-0.32660192251205444,-1.0202679634094238,0.5495064854621887,2399.4881208756547,0.9988933205604553,00-0039359,Cade Stover
z_mu[219],-0.4994569420814514,0.7922435998916626,-0.5075408220291138,-1.6818668842315674,0.9331755042076111,2735.469530981801,0.99857097864151,00-0039420,Jaheim Bell
z_mu[220],-0.40413713455200195,1.004907488822937,-0.390453577041626,-2.010643720626831,1.21991765499115,1733.4078799467238,0.9983181357383728,00-0039458,Brenden Bates
z_mu[221],-0.1300038993358612,0.7294914722442627,-0.13555991649627686,-1.2342262268066406,1.0478923320770264,2945.34005483977,0.9982199668884277,00-0039530,Brevyn Spann-Ford
z_mu[222],-0.11619622260332108,0.8407402634620667,-0.07849162817001343,-1.2898643016815186,1.3723630905151367,2222.038551252936,0.9982606172561646,00-0039613,Dallin Holker
z_mu[223],-0.3592115342617035,0.6086414456367493,-0.3697483539581299,-1.3820017576217651,0.5592057704925537,1584.9905836045984,0.998691976070404,00-0039631,Cam Grandy
z_mu[224],-0.516833484172821,0.8286346197128296,-0.5579500198364258,-1.818020224571228,0.881609320640564,2080.652727526681,0.9984155297279358,00-0039648,David Martin-Robinson
z_mu[225],-0.37592729926109314,0.6081451177597046,-0.37780168652534485,-1.4097932577133179,0.6155459880828857,1946.8902540609206,0.9984906315803528,00-0039737,Tip Reiman
z_mu[226],0.41106534004211426,0.8676975965499878,0.4081607758998871,-0.9702836275100708,1.7682092189788818,2308.6389908787687,0.9989235997200012,00-0039754,Devin Culp
z_mu[227],0.590126633644104,0.5411587953567505,0.6053268909454346,-0.27735233306884766,1.476061463356018,1928.802165616368,0.9987890124320984,00-0039793,A.J. Barner
z_mu[228],0.027879610657691956,0.6450231075286865,0.013885226100683212,-0.9698403477668762,1.1181361675262451,1916.688318759614,0.9984449148178101,00-0039814,Erick All
z_mu[229],-0.30145782232284546,0.954529881477356,-0.3169962167739868,-1.8167763948440552,1.3390532732009888,2512.8186290024414,0.9999815225601196,00-0039824,Jared Wiley
z_mu[230],0.807266116142273,0.7358103394508362,0.8025968670845032,-0.44802284240722656,1.9984737634658813,2566.3460905275033,0.9999458193778992,00-0039847,Theo Johnson
z_mu[231],-0.17888036370277405,0.5896746516227722,-0.1874929964542389,-1.107264518737793,0.8332186937332153,1801.8675656262715,1.0009112358093262,00-0039912,Ben Sinnott
z_sigma[0],-0.029568757861852646,0.8027811646461487,-0.030260838568210602,-1.3890001773834229,1.276426911354065,3313.5279723534445,0.99892657995224,00-0022127,Jason Witten
z_sigma[1],-0.023830972611904144,0.5470768809318542,-0.020233653485774994,-0.8098111152648926,0.977164626121521,2461.1821939134434,0.9992672204971313,00-0024243,Marcedes Lewis
z_sigma[2],0.22709588706493378,0.790195882320404,0.2077178657054901,-0.9761870503425598,1.5086363554000854,2825.5188053220118,0.9990208148956299,00-0025418,Greg Olsen
z_sigma[3],0.4489499032497406,0.5552788972854614,0.43613290786743164,-0.45447444915771484,1.3385124206542969,1827.1127479666245,0.9994030594825745,00-0027061,Jared Cook
z_sigma[4],2.1067631244659424,0.5658475160598755,2.1077847480773926,1.1281774044036865,3.0054097175598145,1870.0584249171677,0.9990330934524536,00-0027656,Rob Gronkowski
z_sigma[5],1.2483303546905518,0.5548626780509949,1.2306803464889526,0.30974096059799194,2.1132850646972656,2099.807004477809,0.998213529586792,00-0027696,Jimmy Graham
z_sigma[6],0.011085351929068565,0.5202102661132812,-0.002241772133857012,-0.8296986818313599,0.7864002585411072,2062.3125126583363,0.9994933009147644,00-0027981,Kyle Rudolph
z_sigma[7],-1.1271321773529053,0.8414462208747864,-1.1048550605773926,-2.5294950008392334,0.24186047911643982,2000.9002398021996,0.9989883899688721,00-0028042,Luke Stocker
z_sigma[8],0.4226093888282776,0.848851203918457,0.4223434031009674,-1.1255748271942139,1.724552869796753,1926.650483019253,0.9982997179031372,00-0028097,Lee Smith
z_sigma[9],0.3083149790763855,0.8733015656471252,0.29598158597946167,-1.0756266117095947,1.8027830123901367,2238.2263509189206,0.9985724091529846,00-0028142,Virgil Green
z_sigma[10],-0.23653674125671387,0.9093292951583862,-0.2420400232076645,-1.6104357242584229,1.2398074865341187,2154.47510658871,0.9980272650718689,00-0029119,Derek Carrier
z_sigma[11],0.7397395968437195,0.6964928507804871,0.726990818977356,-0.3668232560157776,1.9148921966552734,2584.9362651405954,0.9982028603553772,00-0029738,Darren Fells
z_sigma[12],0.2967081367969513,0.46714937686920166,0.28993380069732666,-0.520906925201416,1.0395772457122803,1558.7624075349704,1.0008902549743652,00-0030061,Zach Ertz
z_sigma[13],-0.09072447568178177,0.9235638380050659,-0.06884799897670746,-1.6272776126861572,1.3713749647140503,2214.0044501928446,0.9985189437866211,00-0030089,Luke Willson
z_sigma[14],-0.6712245345115662,0.6505202651023865,-0.7026524543762207,-1.6611515283584595,0.472718209028244,1986.4360459247157,1.0009654760360718,00-0030108,Ryan Griffin
z_sigma[15],-0.7067091464996338,0.8365783095359802,-0.7022539377212524,-2.098388195037842,0.6585428714752197,1611.2584876555748,1.0005131959915161,00-0030155,Demetrius Harris
z_sigma[16],1.1165223121643066,0.6042725443840027,1.1117165088653564,0.0647774338722229,2.002865791320801,1761.2730825158276,0.9986401796340942,00-0030181,Jack Doyle
z_sigma[17],-0.45518758893013,0.8418680429458618,-0.4580477476119995,-1.9251500368118286,0.7968560457229614,1778.6913275812342,0.9984735250473022,00-0030216,Josh Hill
z_sigma[18],-0.806145191192627,0.9403033256530762,-0.808094322681427,-2.587878942489624,0.5392509698867798,1980.61760508873,0.9988301992416382,00-0030443,Levine Toilolo
z_sigma[19],-0.2316526472568512,0.8050161004066467,-0.2310788631439209,-1.687204122543335,0.9251291751861572,1791.7708718580511,0.9995751976966858,00-0030470,Vance McDonald
z_sigma[20],0.610873281955719,0.8392335772514343,0.6067730188369751,-0.7833617329597473,1.9568454027175903,2463.2568300495645,0.9981136322021484,00-0030472,Jordan Reed
z_sigma[21],0.9782776236534119,0.4025776982307434,0.9800323247909546,0.2901092767715454,1.600357174873352,997.8583445077069,1.001908302307129,00-0030506,Travis Kelce
z_sigma[22],-0.20378735661506653,0.7174438238143921,-0.20632600784301758,-1.264777421951294,1.0088144540786743,2276.252867076461,0.9986410140991211,00-0030549,Tyler Eifert
z_sigma[23],0.1937987357378006,0.7948288321495056,0.18312767148017883,-1.1130820512771606,1.4573501348495483,2903.5532889259293,0.9984056353569031,00-0030710,Trey Burton
z_sigma[24],0.41566088795661926,0.47576257586479187,0.4075400233268738,-0.28939729928970337,1.2034130096435547,1626.3536177893848,0.9987635612487793,00-0031260,Logan Thomas
z_sigma[25],0.021644137799739838,0.49760788679122925,0.030803881585597992,-0.683010458946228,0.9192532300949097,2028.547093579606,0.9987500905990601,00-0031273,Cameron Brate
z_sigma[26],0.06428606808185577,0.9285182356834412,0.06010070815682411,-1.3721059560775757,1.6891783475875854,2381.400039445477,0.9982168078422546,00-0031299,Jordan Matthews
z_sigma[27],0.9897971153259277,0.6961832642555237,0.9967625141143799,-0.09743829816579819,2.1074295043945312,2357.006075873506,1.0003228187561035,00-0031384,Richard Rodgers
z_sigma[28],0.9083978533744812,0.5935379266738892,0.9289908409118652,-0.09860235452651978,1.8519318103790283,2279.707832278803,0.9997214078903198,00-0031387,Eric Ebron
z_sigma[29],-1.6644560098648071,0.6310843229293823,-1.661806583404541,-2.750044822692871,-0.7161336541175842,2588.3278581561017,0.9981018304824829,00-0031484,Chris Manhertz
z_sigma[30],0.6105583310127258,0.7670786380767822,0.5854736566543579,-0.55800461769104,1.8942424058914185,1976.2980843065372,0.9983773231506348,00-0031558,Maxx Williams
z_sigma[31],0.2799551486968994,0.4919039309024811,0.30543768405914307,-0.534714937210083,1.0570451021194458,2493.1523914603285,1.0018905401229858,00-0031585,MyCole Pruitt
z_sigma[32],0.2799813151359558,0.7938440442085266,0.28882378339767456,-0.8982876539230347,1.6727076768875122,2088.4355743795936,0.9987353682518005,00-0031598,Nick Boyle
z_sigma[33],0.26834309101104736,0.5221877098083496,0.2733881175518036,-0.6056637167930603,1.0570966005325317,1603.9635465716115,0.999322235584259,00-0031610,Darren Waller
z_sigma[34],-0.05301077663898468,0.7462884187698364,-0.06453843414783478,-1.3348366022109985,1.102399230003357,1542.6658874249856,1.0002086162567139,00-0031690,Eric Tomlinson
z_sigma[35],-0.0718405693769455,0.6254260540008545,-0.06573929637670517,-1.1101598739624023,0.9284704923629761,2218.8171352924205,0.9983554482460022,00-0031951,James O'Shaughnessy
z_sigma[36],-1.436669945716858,0.6392362713813782,-1.4519102573394775,-2.440030813217163,-0.315896600484848,2106.093397336578,0.9988200068473816,00-0032062,Blake Bell
z_sigma[37],-0.23854930698871613,0.9265854954719543,-0.2688919007778168,-1.6747952699661255,1.2836717367172241,2074.371541706531,0.9990376830101013,00-0032098,Daniel Brown
z_sigma[38],0.4048498570919037,0.5460813641548157,0.3972837030887604,-0.446164071559906,1.3617585897445679,1516.9964887362735,0.9988827109336853,00-0032134,C.J. Uzomah
z_sigma[39],-0.11284087598323822,0.7359215617179871,-0.07295410335063934,-1.3919281959533691,1.001964807510376,2188.939163673109,0.998724102973938,00-0032135,Jesse James
z_sigma[40],-0.17545384168624878,0.5490842461585999,-0.17770183086395264,-1.0380648374557495,0.7540217041969299,2008.9766520364235,0.9982076287269592,00-0032141,Geoff Swaim
z_sigma[41],0.17153602838516235,0.6736754775047302,0.15764972567558289,-0.986812949180603,1.2278482913970947,2582.586382258345,0.999597430229187,00-0032214,Tyler Kroft
z_sigma[42],0.017235897481441498,0.413573682308197,0.01798640564084053,-0.5857049226760864,0.7766239643096924,1352.3619184099607,0.9988775253295898,00-0032392,Austin Hooper
z_sigma[43],0.02715005911886692,0.57642662525177,0.013172691687941551,-0.9462217688560486,0.9719992876052856,2434.341260185494,0.9993138909339905,00-0032394,Nick Vannett
z_sigma[44],-0.2980656623840332,0.7746163010597229,-0.3105647563934326,-1.579185962677002,0.8895534873008728,2152.0612462499353,0.9983899593353271,00-0032725,Stephen Anderson
z_sigma[45],0.1178731918334961,1.008601427078247,0.11564821749925613,-1.4144155979156494,1.8184207677841187,3236.745649284878,0.9985454678535461,00-0032986,J.P. Holtz
z_sigma[46],0.09573855996131897,0.984168291091919,0.10281108319759369,-1.396931529045105,1.7668880224227905,2118.415558894368,0.9998235702514648,00-0033080,Seth DeValve
z_sigma[47],0.9194468855857849,0.44650253653526306,0.9134202599525452,0.2784442901611328,1.746603012084961,1932.8076017092449,0.9983565807342529,00-0033090,Hunter Henry
z_sigma[48],-0.256653755903244,0.9366214871406555,-0.2619113326072693,-1.8492612838745117,1.2546522617340088,2834.633032137339,0.9984928965568542,00-0033095,Garrett Griffin
z_sigma[49],0.6185998320579529,0.4494943618774414,0.6233375072479248,-0.0675509050488472,1.3672891855239868,2254.632107385341,0.9986329078674316,00-0033110,Tyler Higbee
z_sigma[50],-0.19493772089481354,0.9944366216659546,-0.20409445464611053,-1.9124823808670044,1.3265975713729858,2073.736555937493,0.9988077282905579,00-0033112,Temarrick Hemingway
z_sigma[51],0.4742398262023926,0.4431445002555847,0.464763879776001,-0.23953348398208618,1.1822224855422974,2184.829717987636,0.9984130859375,00-0033217,Mo Alie-Cox
z_sigma[52],-0.9101817011833191,0.5945765376091003,-0.909517765045166,-1.7871334552764893,0.19953788816928864,1995.1291077257188,1.000501036643982,00-0033246,Johnny Mundt
z_sigma[53],-0.12072457373142242,0.7798796892166138,-0.11323148757219315,-1.3112659454345703,1.1651071310043335,1593.5410801349594,0.9982185363769531,00-0033258,Darrell Daniels
z_sigma[54],1.7215059995651245,0.4125032424926758,1.7192893028259277,1.0378351211547852,2.3521130084991455,1326.7154199363258,0.9982445240020752,00-0033288,George Kittle
z_sigma[55],-0.8935329914093018,0.8066904544830322,-0.8992561101913452,-2.0820517539978027,0.5278071165084839,1653.792926949772,0.9984736442565918,00-0033338,Cethan Carter
z_sigma[56],3.0031116008758545,0.5221946239471436,3.0215892791748047,2.19087553024292,3.890551805496216,1266.536558828786,0.9993813037872314,00-0033357,Taysom Hill
z_sigma[57],0.14615978300571442,0.7050275206565857,0.13646408915519714,-1.1075801849365234,1.2512423992156982,3760.084961189203,0.99892258644104,00-0033387,Jacob Hollister
z_sigma[58],0.14006935060024261,0.8709697127342224,0.12826913595199585,-1.2210617065429688,1.5766042470932007,1811.9117945470705,0.9991674423217773,00-0033421,Antony Auclair
z_sigma[59],-0.551506519317627,0.5740258693695068,-0.549149751663208,-1.4925023317337036,0.3733566701412201,2409.571829076872,0.9992241859436035,00-0033439,Pharaoh Brown
z_sigma[60],-0.3819473087787628,0.5819763541221619,-0.3707130551338196,-1.3163620233535767,0.558485746383667,1973.5436200378294,0.9987279176712036,00-0033455,Anthony Firkser
z_sigma[61],-0.47104018926620483,0.8937555551528931,-0.4838956296443939,-1.965372085571289,0.9345185160636902,2092.8728872010092,0.9981000423431396,00-0033528,Jeremy Sprinkle
z_sigma[62],-0.3281184732913971,1.0057035684585571,-0.33868151903152466,-2.0140364170074463,1.3011505603790283,2206.190730270308,1.000139594078064,00-0033564,Jake Butt
z_sigma[63],-0.3522409498691559,0.5641437768936157,-0.3440810441970825,-1.2901135683059692,0.5752317309379578,2078.488163632571,0.9995039105415344,00-0033576,Eric Saubert
z_sigma[64],0.7592306137084961,0.6698735952377319,0.7594928741455078,-0.2696205675601959,1.878728985786438,2778.8322936374557,0.9982196688652039,00-0033611,Ricky Seals-Jones
z_sigma[65],-0.07771487534046173,0.976097047328949,-0.0429401658475399,-1.6224291324615479,1.4990063905715942,2632.369283738176,0.99872887134552,00-0033627,Jason Croom
z_sigma[66],0.1523386389017105,0.741341233253479,0.14606228470802307,-1.0069187879562378,1.3819278478622437,2275.4175951114353,0.9999496340751648,00-0033658,Blake Jarwin
z_sigma[67],0.41383692622184753,0.8797897100448608,0.45445242524147034,-0.9861876368522644,1.8517963886260986,2056.1643310897384,0.9980785846710205,00-0033720,Colin Thompson
z_sigma[68],1.1349543333053589,0.48742052912712097,1.125848412513733,0.448375940322876,1.9607783555984497,2240.5280368452477,0.9986634850502014,00-0033757,Robert Tonyan
z_sigma[69],-0.2746148407459259,0.9157951474189758,-0.28305503726005554,-1.7659354209899902,1.2523893117904663,1761.4500658692864,0.9984450936317444,00-0033798,Mason Schreck
z_sigma[70],0.9396203756332397,0.41801005601882935,0.9379342198371887,0.20321311056613922,1.5558820962905884,2142.0047792747655,1.0001810789108276,00-0033858,Jonnu Smith
z_sigma[71],0.19626227021217346,0.688626229763031,0.18895304203033447,-0.8245923519134521,1.4529610872268677,2058.0936279242715,0.9984186291694641,00-0033879,O.J. Howard
z_sigma[72],0.04075950011610985,0.4129471182823181,0.038762666285037994,-0.7011686563491821,0.6654050946235657,1261.7385236583295,1.003348708152771,00-0033881,Evan Engram
z_sigma[73],1.0346518754959106,0.45071351528167725,1.026672601699829,0.2081415206193924,1.7076659202575684,2543.1617468065574,0.9984897971153259,00-0033885,David Njoku
z_sigma[74],0.7104006409645081,0.4095134735107422,0.7092489004135132,-0.0208530742675066,1.304383397102356,1587.5225181016533,0.998421847820282,00-0033895,Gerald Everett
z_sigma[75],0.11157919466495514,0.6707473993301392,0.12837250530719757,-1.1511300802230835,1.0651395320892334,1676.6898939091186,0.9993918538093567,00-0033896,Adam Shaheen
z_sigma[76],0.09253601729869843,0.5431591272354126,0.07602651417255402,-0.8880077004432678,0.8827002644538879,1999.490146047314,0.9997285008430481,00-0034011,Dan Arnold
z_sigma[77],0.15388578176498413,0.7027285695075989,0.16900494694709778,-1.0212373733520508,1.2737278938293457,2448.373830440702,0.9993216395378113,00-0034073,Ross Dwelley
z_sigma[78],-0.2988775074481964,0.4362345337867737,-0.2990591526031494,-1.0091540813446045,0.41168466210365295,2074.7495321952188,0.9987435936927795,00-0034159,Will Dissly
z_sigma[79],-0.002759030321612954,0.9823068380355835,-0.0011988577898591757,-1.680851936340332,1.4594141244888306,3649.8037548898465,0.9982936382293701,00-0034169,Marcus Baugh
z_sigma[80],-0.7437071204185486,0.8814732432365417,-0.7565571069717407,-2.210991621017456,0.6150462627410889,2634.865782389592,0.998664379119873,00-0034192,Nick Keizer
z_sigma[81],-0.5605139136314392,0.8864201307296753,-0.5741820335388184,-2.0041558742523193,0.8538172841072083,1599.6032117772497,0.9995246529579163,00-0034193,Kevin Rader
z_sigma[82],0.4981056749820709,0.40896841883659363,0.48750802874565125,-0.18024635314941406,1.1522243022918701,1358.184663313636,0.9991143345832825,00-0034270,Tyler Conklin
z_sigma[83],-0.9962225556373596,0.9496936202049255,-1.0096979141235352,-2.5776870250701904,0.4812581241130829,2012.9314479727516,0.9989197850227356,00-0034319,Deon Yelder
z_sigma[84],0.44788840413093567,0.4536437690258026,0.44728076457977295,-0.22026897966861725,1.2450612783432007,1715.5303147036348,0.9982777237892151,00-0034351,Dallas Goedert
z_sigma[85],0.6610599756240845,0.44517815113067627,0.6384217739105225,-0.031879574060440063,1.4437154531478882,2314.640828416746,0.9980635046958923,00-0034364,Jordan Akins
z_sigma[86],-1.6447370052337646,0.5246604681015015,-1.6484551429748535,-2.5907816886901855,-0.8369678854942322,1594.0932487513155,0.9986222982406616,00-0034365,Ian Thomas
z_sigma[87],0.936840295791626,0.41686227917671204,0.9229690432548523,0.20922353863716125,1.5522925853729248,1658.9352686114091,0.9980300664901733,00-0034383,Dalton Schultz
z_sigma[88],0.5225764513015747,0.7814170122146606,0.5180596113204956,-0.5851408839225769,1.907352089881897,2826.855976567303,0.998171329498291,00-0034393,Troy Fumagalli
z_sigma[89],-0.03910612687468529,0.9127520322799683,-0.054095007479190826,-1.4444564580917358,1.476379156112671,3391.5446032091745,0.998725175857544,00-0034420,Jordan Thomas
z_sigma[90],-0.5911069512367249,0.8515686988830566,-0.5967116355895996,-2.0257933139801025,0.7495584487915039,1693.5625826497467,1.0021113157272339,00-0034439,Ryan Izzo
z_sigma[91],-0.011973030865192413,0.9299535155296326,0.01518968679010868,-1.664854884147644,1.2906830310821533,2806.0299652202675,0.9981770515441895,00-0034575,David Wells
z_sigma[92],-0.10175570100545883,0.569190502166748,-0.10332688689231873,-1.070831298828125,0.7754784226417542,1988.402200114814,0.9980458617210388,00-0034613,Tanner Hudson
z_sigma[93],-0.12502866983413696,0.9575234651565552,-0.14379991590976715,-1.7062281370162964,1.4236862659454346,2072.270258038276,0.9989398717880249,00-0034672,Ethan Wolf
z_sigma[94],0.09607993811368942,0.9446320533752441,0.0579037070274353,-1.4657951593399048,1.5700981616973877,2606.2891316353434,0.998794436454773,00-0034735,Codey McElroy
z_sigma[95],1.0546647310256958,0.43863534927368164,1.0610864162445068,0.43977636098861694,1.8737376928329468,1518.1065222875104,0.9988726377487183,00-0034753,Mark Andrews
z_sigma[96],0.565226137638092,0.7245265245437622,0.5548339486122131,-0.5780469179153442,1.6788133382797241,2119.2242354209225,0.9993088245391846,00-0034766,Christopher Herndon
z_sigma[97],-0.4835907220840454,0.984676718711853,-0.47825461626052856,-2.0303101539611816,1.211656928062439,2187.936760115341,0.9990370273590088,00-0034788,Jaeden Graham
z_sigma[98],-0.269084095954895,0.4194716811180115,-0.2811206579208374,-0.9144774675369263,0.45840296149253845,1488.4505439400098,0.9990146160125732,00-0034798,Durham Smythe
z_sigma[99],1.152039885520935,0.4118981957435608,1.1514548063278198,0.5391238927841187,1.8998585939407349,1689.150642967573,0.9985051155090332,00-0034829,Mike Gesicki
z_sigma[100],0.5437198281288147,0.44007208943367004,0.5437757968902588,-0.18768595159053802,1.2838746309280396,1976.8482762871276,0.9996145367622375,00-0034830,Hayden Hurst
z_sigma[101],0.5902692079544067,0.5926990509033203,0.5868616700172424,-0.48730480670928955,1.4744709730148315,2009.1342912039177,0.9981788396835327,00-0034970,Irv Smith
z_sigma[102],0.6666515469551086,0.4636160135269165,0.6478407382965088,-0.13291704654693604,1.3870153427124023,1751.9981262793249,0.9987701773643494,00-0034981,Foster Moreau
z_sigma[103],-1.919370174407959,0.8333353996276855,-1.9499759674072266,-3.2554771900177,-0.5282539129257202,1365.3391810596977,1.003060221672058,00-0034988,Kaden Smith
z_sigma[104],-0.22474056482315063,0.9608981013298035,-0.2304018884897232,-1.889465570449829,1.148040771484375,2448.677047351929,1.0000520944595337,00-0035039,Stephen Carlson
z_sigma[105],-0.06361954659223557,0.9846138954162598,-0.026063181459903717,-1.6396955251693726,1.4668371677398682,2433.839497242414,0.9989815950393677,00-0035102,Brandon Dillon
z_sigma[106],-0.5207173228263855,0.654204249382019,-0.5262573957443237,-1.573655366897583,0.5530905723571777,2316.543464899726,0.9984123706817627,00-0035222,Zach Gentry
z_sigma[107],0.5272300243377686,0.44449424743652344,0.5102002620697021,-0.17881301045417786,1.2596662044525146,1836.0897598046192,0.998235285282135,00-0035229,T.J. Hockenson
z_sigma[108],0.17585426568984985,0.5426008701324463,0.1850350946187973,-0.7408884167671204,1.0312708616256714,1732.9573083677521,0.9999583959579468,00-0035249,Josh Oliver
z_sigma[109],-0.9955830574035645,0.7963733673095703,-1.0025858879089355,-2.2709031105041504,0.3534550964832306,2429.9067275128664,0.9985280632972717,00-0035259,Trevon Wesco
z_sigma[110],-0.07126730680465698,0.850871741771698,-0.10026455670595169,-1.3824100494384766,1.3126990795135498,1774.401477741034,0.9993371367454529,00-0035308,Tommy Sweeney
z_sigma[111],1.252961277961731,0.5242077708244324,1.2544429302215576,0.3299076557159424,2.0591890811920166,1699.9588702795838,0.9986851811408997,00-0035329,Donald Parham
z_sigma[112],0.052990686148405075,0.7888655662536621,0.06957076489925385,-1.2679989337921143,1.3101798295974731,3155.736168897598,0.9989272356033325,00-0035345,Chris Myarick
z_sigma[113],0.6236765384674072,0.9511916637420654,0.6070295572280884,-1.1299430131912231,2.028857469558716,2692.118054134513,0.998226523399353,00-0035356,Tyree Jackson
z_sigma[114],-0.11043191701173782,0.9433179497718811,-0.10555071383714676,-1.6862257719039917,1.3166640996932983,2503.927502560442,0.999492883682251,00-0035428,Daniel Helm
z_sigma[115],-0.18904422223567963,0.9293274879455566,-0.1446627527475357,-1.7229058742523193,1.3059488534927368,2088.1345592760567,0.9990330934524536,00-0035539,Isaac Nauta
z_sigma[116],0.4735565483570099,0.7092192769050598,0.46662646532058716,-0.7972443699836731,1.5124565362930298,2311.3291755647124,0.9987257122993469,00-0035547,Joseph Fortson
z_sigma[117],0.2861379384994507,0.7914100885391235,0.2570423185825348,-0.9322929382324219,1.6516814231872559,2664.489924648335,0.9980998635292053,00-0035562,Jesper Horsted
z_sigma[118],-1.3552793264389038,0.8689870834350586,-1.3573334217071533,-2.6283106803894043,0.2255399227142334,1674.687124185304,0.999211311340332,00-0035572,Parker Hesse
z_sigma[119],0.4659980833530426,0.783412516117096,0.4543140232563019,-0.7158030867576599,1.7883882522583008,2110.91008455312,0.9982120394706726,00-0035603,Kendall Blanton
z_sigma[120],-0.14445039629936218,0.7288767695426941,-0.14684148132801056,-1.3478127717971802,1.129367470741272,2744.6453577173093,0.9984948635101318,00-0035624,N'Keal Harry
z_sigma[121],-0.3378860056400299,0.5103685855865479,-0.34097498655319214,-1.1804261207580566,0.48286840319633484,2170.578516565362,0.9987103939056396,00-0035631,Drew Sample
z_sigma[122],-0.0017418049974367023,0.415524959564209,0.00861811637878418,-0.6962434649467468,0.6851696968078613,1748.8631369847838,0.9995784163475037,00-0035644,Noah Fant
z_sigma[123],-0.006557301618158817,0.8733668923377991,-0.03269056975841522,-1.6292442083358765,1.2513456344604492,2497.890609539071,1.0004563331604004,00-0035660,Kahale Warring
z_sigma[124],0.494902104139328,0.7802032232284546,0.49802762269973755,-0.7074321508407593,1.8129665851593018,2261.3897843735986,0.9991655349731445,00-0035671,Jace Sternberger
z_sigma[125],0.74850994348526,0.4009520411491394,0.7519904375076294,0.07056538760662079,1.3608595132827759,2064.472987811352,0.9983683824539185,00-0035689,Dawson Knox
z_sigma[126],-1.1130354404449463,0.7635594606399536,-1.13773775100708,-2.47731614112854,0.05180982127785683,2149.583542047677,0.9991608262062073,00-0035771,Mitchell Wilcox
z_sigma[127],-0.4639143943786621,0.9182730913162231,-0.4856257736682892,-1.9132174253463745,1.093122959136963,2006.8987668604648,0.9998906850814819,00-0035823,Ben Ellefson
z_sigma[128],-0.5132614970207214,0.8157863616943359,-0.5026520490646362,-1.9038238525390625,0.6873586773872375,3434.2064795216343,0.9984408617019653,00-0035956,Giovanni Ricci
z_sigma[129],-0.008073999546468258,0.9220830202102661,0.003008066676557064,-1.5184565782546997,1.4700380563735962,1717.8174195545535,0.9991551637649536,00-0036005,Noah Togiai
z_sigma[130],-0.07498420029878616,0.9490200877189636,-0.04555690288543701,-1.7281211614608765,1.4669040441513062,3429.0231831189376,0.9984326958656311,00-0036008,Hunter Bryant
z_sigma[131],-0.2511882185935974,0.8693515658378601,-0.26034730672836304,-1.6078689098358154,1.2012184858322144,2343.4698840809115,0.9996796250343323,00-0036032,Sean McKeon
z_sigma[132],1.1513216495513916,0.45532548427581787,1.1379085779190063,0.3834768831729889,1.863856554031372,2154.5760935655044,0.9996934533119202,00-0036040,Juwan Johnson
z_sigma[133],-0.07630617171525955,1.06634521484375,-0.048285335302352905,-1.8362678289413452,1.6423698663711548,2603.2677749982436,0.998736560344696,00-0036059,Tyler Mabry
z_sigma[134],0.29150280356407166,0.758187472820282,0.2973363697528839,-0.9082165360450745,1.5743499994277954,1765.6114963762334,0.9998617768287659,00-0036145,Lawrence Cager
z_sigma[135],-0.5747728943824768,0.9586489796638489,-0.5654948949813843,-2.2326385974884033,0.9376843571662903,2487.748752561402,0.9987725615501404,00-0036173,Tommy Hudson
z_sigma[136],0.10785329341888428,0.8386738300323486,0.13543182611465454,-1.3179222345352173,1.3938652276992798,2412.383118446695,0.998662531375885,00-0036194,Devin Asiasi
z_sigma[137],-0.41629400849342346,1.0193283557891846,-0.41498541831970215,-2.1067006587982178,1.1727354526519775,2104.5048376036234,0.9982879161834717,00-0036225,Dalton Keene
z_sigma[138],-0.02143324539065361,0.47505149245262146,-0.0028338751289993525,-0.7154012322425842,0.8102755546569824,2160.0801829413726,0.9987854361534119,00-0036232,Harrison Bryant
z_sigma[139],-0.18173202872276306,0.5012513995170593,-0.19863760471343994,-0.9424713850021362,0.6860736608505249,2082.4175997965162,0.9983712434768677,00-0036244,Colby Parkinson
z_sigma[140],-0.6643992066383362,0.8371542692184448,-0.6904909610748291,-2.087752342224121,0.5874335169792175,1985.066214825954,0.998586893081665,00-0036250,Tyler Davis
z_sigma[141],0.5966260433197021,0.45594891905784607,0.5868445634841919,-0.1054997518658638,1.3647172451019287,2236.060658272716,0.9986891746520996,00-0036290,Cole Kmet
z_sigma[142],-0.5063315629959106,0.6302217245101929,-0.5082271099090576,-1.483102798461914,0.6103282570838928,1520.7508447709113,0.9988733530044556,00-0036332,Josiah Deguara
z_sigma[143],-0.14284929633140564,0.4736230671405792,-0.1543542742729187,-0.9945361018180847,0.5138636827468872,2245.527083442548,0.9995928406715393,00-0036422,Adam Trautman
z_sigma[144],0.4869062304496765,0.5897277593612671,0.46010535955429077,-0.4707608222961426,1.4746484756469727,1656.6955880926114,1.0016300678253174,00-0036423,Albert Okwuegbunam
z_sigma[145],-0.08478151261806488,0.7588398456573486,-0.11037895083427429,-1.2472896575927734,1.26005220413208,1865.9878556498484,0.9983388185501099,00-0036424,Brycen Hopkins
z_sigma[146],-1.84413743019104,0.7168583869934082,-1.8738586902618408,-3.1482467651367188,-0.7814003229141235,1891.376829198479,1.0001367330551147,00-0036429,Charlie Woerner
z_sigma[147],-0.11287754029035568,0.986147940158844,-0.1253923922777176,-1.7309114933013916,1.3696250915527344,2562.872606481162,0.9992939233779907,00-0036433,Tommy Stevens
z_sigma[148],-0.5352867245674133,0.7299831509590149,-0.565502941608429,-1.6138696670532227,0.6572706699371338,2082.314853830179,0.9989392757415771,00-0036438,Stephen Sullivan
z_sigma[149],-0.08624493330717087,0.9253270030021667,-0.09840943664312363,-1.601952075958252,1.3788269758224487,2431.247390715198,0.9989268779754639,00-0036456,Dominique Dafney
z_sigma[150],0.11207813024520874,0.7121328711509705,0.09081515669822693,-1.0128028392791748,1.3604282140731812,1458.976243066739,1.0007284879684448,00-0036510,Kenny Yeboah
z_sigma[151],-0.10974463820457458,0.8014059066772461,-0.13879083096981049,-1.4208450317382812,1.1410975456237793,1871.7922871423648,0.9985659122467041,00-0036534,Shane Zylstra
z_sigma[152],0.4761725664138794,0.5973608493804932,0.4627408981323242,-0.5506519675254822,1.4220736026763916,2151.4872366113823,0.9981963038444519,00-0036556,Brevin Jordan
z_sigma[153],0.09574917703866959,0.6934345364570618,0.10474551469087601,-1.0983721017837524,1.147325038909912,3839.496712702456,0.9981023669242859,00-0036590,Quintin Morris
z_sigma[154],-0.6806595921516418,0.5423552393913269,-0.6928688287734985,-1.5301240682601929,0.1800564080476761,1866.2128589788574,0.9993760585784912,00-0036628,John Bates
z_sigma[155],-0.3364880084991455,0.448009729385376,-0.3538731634616852,-1.105054259300232,0.373089075088501,2096.821761374107,1.0001085996627808,00-0036637,Noah Gray
z_sigma[156],-0.1585850864648819,0.9912407398223877,-0.17449232935905457,-1.7996599674224854,1.4849354028701782,1630.9455712970023,0.9988771080970764,00-0036640,Zach Davidson
z_sigma[157],0.11173384636640549,0.9221081137657166,0.09453391283750534,-1.389177680015564,1.6517727375030518,2798.0642182309057,0.9988574981689453,00-0036692,Miller Forristall
z_sigma[158],-2.134356737136841,0.7772981524467468,-2.1058077812194824,-3.3837268352508545,-0.9252349734306335,2283.29108080307,0.998674213886261,00-0036741,Jack Stoll
z_sigma[159],0.4527438282966614,0.550075352191925,0.4669615924358368,-0.5413923859596252,1.2508008480072021,1490.9899167224494,0.9996137022972107,00-0036754,Brock Wright
z_sigma[160],-0.8761484622955322,0.9623159766197205,-0.8729009628295898,-2.4625656604766846,0.6448804140090942,2037.874044573541,0.9982215166091919,00-0036825,Feleipe Franks
z_sigma[161],-0.38096997141838074,0.4834924340248108,-0.36901187896728516,-1.2348568439483643,0.3613812327384949,2165.7417325409056,0.9983328580856323,00-0036876,Kylen Granson
z_sigma[162],-2.08347225189209,0.6474250555038452,-2.116610527038574,-3.0826256275177,-0.9832888841629028,2542.9431083083814,0.998946487903595,00-0036887,Luke Farrell
z_sigma[163],0.5280485153198242,0.4409940242767334,0.5491799116134644,-0.21773922443389893,1.1819137334823608,1753.6738506623542,0.999200701713562,00-0036894,Pat Freiermuth
z_sigma[164],0.09148053824901581,0.4986112117767334,0.09194948524236679,-0.6734442114830017,0.9619316458702087,1731.6102929447109,0.9980897307395935,00-0036970,Kyle Pitts
z_sigma[165],-0.5989352464675903,0.8387448191642761,-0.6015740036964417,-1.9958971738815308,0.6541051268577576,1854.4340832606156,0.9986052513122559,00-0037004,Hunter Long
z_sigma[166],-0.0192857813090086,0.4675104022026062,-0.018402207642793655,-0.8390716314315796,0.7179173231124878,1575.2600254628298,0.9989543557167053,00-0037005,Tommy Tremble
z_sigma[167],-0.7252877950668335,0.7780728936195374,-0.742713451385498,-1.9923762083053589,0.5504846572875977,2100.8771139207297,0.999226450920105,00-0037011,Tre' McKitty
z_sigma[168],-0.509177565574646,0.7544770240783691,-0.5151247382164001,-1.7717429399490356,0.6495270133018494,2735.0563843440473,0.998450517654419,00-0037078,Cole Turner
z_sigma[169],-0.1619286686182022,0.6552955508232117,-0.16728058457374573,-1.2658557891845703,0.8763307332992554,1497.7080557557092,0.9984714388847351,00-0037086,Grant Calcaterra
z_sigma[170],0.07205808907747269,1.026370882987976,0.07497911155223846,-1.5358598232269287,1.8180646896362305,2169.9165806761043,0.998124897480011,00-0037112,Jake Tonges
z_sigma[171],-0.2519904673099518,0.9135538935661316,-0.22505614161491394,-1.8229674100875854,1.1581737995147705,2035.2843946245268,0.9983956217765808,00-0037168,Armani Rogers
z_sigma[172],0.5201529860496521,0.6997247934341431,0.5200986862182617,-0.5693485736846924,1.7021818161010742,2021.3845517062623,0.9996622800827026,00-0037252,Greg Dulcich
z_sigma[173],0.32117995619773865,0.7414783239364624,0.34763526916503906,-0.8663759827613831,1.5737218856811523,2121.6848437830618,0.9983370304107666,00-0037277,Teagan Quitoriano
z_sigma[174],-0.565058708190918,0.8394862413406372,-0.5475541949272156,-1.921431303024292,0.7557109594345093,2156.2315568188646,0.9984046220779419,00-0037282,James Mitchell
z_sigma[175],-0.2525644898414612,0.6878319978713989,-0.255216509103775,-1.3780709505081177,0.8387516140937805,1660.8995729174596,0.9993066191673279,00-0037292,Andrew Ogletree
z_sigma[176],-0.44764581322669983,0.6724796891212463,-0.47069674730300903,-1.5239872932434082,0.6264667510986328,2546.7211269024997,0.998546838760376,00-0037304,Connor Heyward
z_sigma[177],-0.30444517731666565,0.9915638566017151,-0.32515817880630493,-1.8576977252960205,1.3344353437423706,3304.0979541396746,0.9991216659545898,00-0037306,John FitzPatrick
z_sigma[178],-0.34970420598983765,0.8053716421127319,-0.40262138843536377,-1.6817744970321655,0.8963745832443237,2309.8752817897466,0.9984427690505981,00-0037311,Ko Kieft
z_sigma[179],-0.1518651396036148,1.0143049955368042,-0.1677190214395523,-1.947737216949463,1.4375683069229126,2717.2884997240276,0.9996453523635864,00-0037317,Nick Muse
z_sigma[180],0.055079903453588486,0.963803768157959,0.07582218945026398,-1.5427865982055664,1.597375750541687,2271.7192775829535,0.9983201026916504,00-0037451,Rod Williams
z_sigma[181],-0.28831279277801514,0.7170074582099915,-0.2942463457584381,-1.3639500141143799,0.9526951313018799,2980.5902716911232,0.998836874961853,00-0037475,Stone Smartt
z_sigma[182],-0.06955818086862564,0.932177722454071,-0.10290892422199249,-1.5638264417648315,1.4295425415039062,2784.2849221557603,0.9993070363998413,00-0037506,Cole Fotheringham
z_sigma[183],-0.32758229970932007,0.6886774301528931,-0.3306583762168884,-1.5078901052474976,0.716306746006012,2558.0497336100284,0.9983749389648438,00-0037539,Lucas Krull
z_sigma[184],-0.6100723147392273,0.6973643898963928,-0.6065195798873901,-1.9077552556991577,0.40836408734321594,1907.1194988162244,0.9987825751304626,00-0037569,Peyton Hendershot
z_sigma[185],-1.5515803098678589,0.9017062187194824,-1.5575358867645264,-3.1063754558563232,-0.2215823531150818,1619.7027691348974,1.0013220310211182,00-0037654,Tucker Fisk
z_sigma[186],0.5213207602500916,0.5312504768371582,0.521308422088623,-0.34549257159233093,1.376819133758545,1670.1234496673856,0.9985905885696411,00-0037744,Trey McBride
z_sigma[187],0.686184287071228,0.7914608716964722,0.6923596858978271,-0.5927196741104126,1.973649263381958,2095.3573726515524,0.9994944930076599,00-0037755,Jelani Woods
z_sigma[188],-1.4296506643295288,0.6479648351669312,-1.4333544969558716,-2.5332043170928955,-0.4401712715625763,1920.277719558047,0.9998010993003845,00-0037805,Jeremy Ruckert
z_sigma[189],0.2309497445821762,0.4936109185218811,0.22382912039756775,-0.6596328616142273,0.9533296823501587,2196.8403201472197,0.9991437792778015,00-0037809,Chigoziem Okonkwo
z_sigma[190],1.488288402557373,0.49644094705581665,1.4620733261108398,0.6492192149162292,2.266538143157959,2904.1268340640886,0.9983739256858826,00-0037838,Isaiah Likely
z_sigma[191],0.7558434009552002,0.4825139343738556,0.7564879655838013,-0.054879918694496155,1.4875985383987427,1804.8417443449766,0.9980344176292419,00-0038041,Jake Ferguson
z_sigma[192],-0.008174537681043148,0.7700690031051636,-0.019736649468541145,-1.2863173484802246,1.1529154777526855,1932.917822899668,0.9992913603782654,00-0038046,Charlie Kolar
z_sigma[193],0.08567573130130768,0.5219522714614868,0.08480839431285858,-0.7701850533485413,0.9270115494728088,1753.7704310743845,0.9985038042068481,00-0038115,Daniel Bellinger
z_sigma[194],0.8490842580795288,0.501706600189209,0.8369972705841064,-0.039049092680215836,1.6100949048995972,1989.401161779259,0.9985188245773315,00-0038129,Cade Otton
z_sigma[195],-0.5234259366989136,0.7464678883552551,-0.5477520227432251,-1.8091955184936523,0.6084789633750916,1889.051291222788,0.999707818031311,00-0038394,Will Mallory
z_sigma[196],0.39219149947166443,0.9163362383842468,0.40079402923583984,-1.0936975479125977,1.8792082071304321,2722.124788962153,0.9987015128135681,00-0038498,E.J. Jenkins
z_sigma[197],0.32329797744750977,0.7084513306617737,0.33106371760368347,-0.9415234327316284,1.3739938735961914,1793.9462834363426,0.9986607432365417,00-0038547,Luke Schoonmaker
z_sigma[198],-1.0565165281295776,0.6808053255081177,-1.0781058073043823,-2.2428996562957764,0.0031903772614896297,1585.5465179313346,1.0030885934829712,00-0038558,Darnell Washington
z_sigma[199],0.029577646404504776,0.6586223840713501,0.05048230290412903,-1.0319035053253174,1.12284517288208,1958.0360569964398,0.9982592463493347,00-0038589,Josh Whyle
z_sigma[200],0.11335685849189758,0.9262465238571167,0.07487890869379044,-1.2957342863082886,1.6853737831115723,3201.451883920523,0.9988178014755249,00-0038643,Brayden Willis
z_sigma[201],-0.3175906240940094,0.8865581154823303,-0.3418124318122864,-1.7158671617507935,1.1826303005218506,2088.844817433552,1.0001763105392456,00-0038710,Blake Whiteheart
z_sigma[202],-1.083120584487915,0.7014979124069214,-1.0886039733886719,-2.243741035461426,0.07170859724283218,1740.2329054307338,0.9987084269523621,00-0038720,Julian Hill
z_sigma[203],-0.01949675939977169,0.7050526142120361,-0.021231919527053833,-1.1069761514663696,1.1804579496383667,2115.7824143997236,0.9988390207290649,00-0038783,Nate Adkins
z_sigma[204],-0.49297916889190674,0.9053852558135986,-0.4564233720302582,-2.0096378326416016,0.9769675135612488,2199.3379143191537,0.9989952445030212,00-0038809,Ben Sims
z_sigma[205],-0.057756002992391586,0.960830807685852,-0.027344420552253723,-1.5371826887130737,1.5909761190414429,2053.1477693830866,0.998823344707489,00-0038920,John Samuel Shenker
z_sigma[206],0.19001850485801697,0.5711092948913574,0.19445446133613586,-0.6984907388687134,1.1422631740570068,1686.6640315336983,1.0003199577331543,00-0038933,Dalton Kincaid
z_sigma[207],1.0892860889434814,0.6369694471359253,1.0552103519439697,0.08323240280151367,2.120968818664551,2395.949501126361,1.0002689361572266,00-0038935,Brenton Strange
z_sigma[208],0.6371415853500366,0.5954572558403015,0.6429872512817383,-0.36961445212364197,1.6106736660003662,2222.1553118590195,0.9983949065208435,00-0038996,Tucker Kraft
z_sigma[209],-0.6905467510223389,0.6374807357788086,-0.7033389806747437,-1.8106164932250977,0.26060551404953003,2234.81812540061,0.9992156624794006,00-0039041,Elijah Higgins
z_sigma[210],0.22632808983325958,0.6921777725219727,0.21691374480724335,-0.8426200151443481,1.4134774208068848,2171.7324239394457,0.9992828965187073,00-0039050,Payne Durham
z_sigma[211],0.6762499809265137,0.5188751220703125,0.6620166301727295,-0.23370151221752167,1.506982445716858,2053.8388812313324,0.9982615113258362,00-0039065,Sam LaPorta
z_sigma[212],0.3037877678871155,0.6835215091705322,0.33800530433654785,-0.7761154174804688,1.4282282590866089,2154.4184354247895,0.9983057975769043,00-0039066,Michael Mayer
z_sigma[213],0.7111092805862427,0.7374104261398315,0.711806058883667,-0.48084867000579834,1.9133760929107666,2023.5161952150665,0.9992960691452026,00-0039074,Davis Allen
z_sigma[214],0.17770828306674957,0.6849582195281982,0.17746096849441528,-0.98578941822052,1.2435904741287231,1670.8441565228306,0.998798668384552,00-0039144,Luke Musgrave
z_sigma[215],0.09103293716907501,0.9647884964942932,0.059192631393671036,-1.302071452140808,1.8342434167861938,2829.6331282955834,0.9992038011550903,00-0039316,Baylor Cupp
z_sigma[216],0.6059110760688782,0.6911472082138062,0.5874142646789551,-0.4813835024833679,1.7493412494659424,2244.0281560391713,0.9987961649894714,00-0039338,Brock Bowers
z_sigma[217],0.478694349527359,0.6643558740615845,0.4940948486328125,-0.7093374133110046,1.5028188228607178,2296.4184535567897,0.9989362359046936,00-0039356,Ja'Tavion Sanders
z_sigma[218],-0.2574286162853241,0.7207176685333252,-0.2735828161239624,-1.3912503719329834,0.8950352668762207,1679.0178220480555,0.9987598657608032,00-0039359,Cade Stover
z_sigma[219],-0.19461141526699066,0.9799383282661438,-0.19012565910816193,-1.7804415225982666,1.2827214002609253,2383.621702893539,0.9982272386550903,00-0039420,Jaheim Bell
z_sigma[220],0.1415906548500061,1.0121489763259888,0.13028284907341003,-1.5754610300064087,1.7982587814331055,2681.285008747696,0.9996183514595032,00-0039458,Brenden Bates
z_sigma[221],0.19313311576843262,0.8477969765663147,0.1916307955980301,-1.2010291814804077,1.5417795181274414,4056.5142875504866,0.9989166259765625,00-0039530,Brevyn Spann-Ford
z_sigma[222],-0.21723440289497375,0.9388895630836487,-0.18319076299667358,-1.6108866930007935,1.357051134109497,2225.4155258960077,0.9985964298248291,00-0039613,Dallin Holker
z_sigma[223],-0.4096214771270752,0.9891147613525391,-0.42401576042175293,-2.1381194591522217,1.064934253692627,2834.999896643202,0.9981659650802612,00-0039631,Cam Grandy
z_sigma[224],-0.07686126232147217,0.968715488910675,-0.08228345215320587,-1.6789768934249878,1.4508639574050903,3561.1755574264075,0.9980530738830566,00-0039648,David Martin-Robinson
z_sigma[225],-0.6540669798851013,0.8933964967727661,-0.6493635177612305,-2.1283087730407715,0.7067023515701294,1820.5287967136642,0.9998717308044434,00-0039737,Tip Reiman
z_sigma[226],-0.22660529613494873,0.9548815488815308,-0.21714340150356293,-1.7317379713058472,1.4073692560195923,1820.5670636635912,0.9986534118652344,00-0039754,Devin Culp
z_sigma[227],0.1651306301355362,0.6871106028556824,0.15910694003105164,-0.9676214456558228,1.2156248092651367,1399.052726773971,1.0004059076309204,00-0039793,A.J. Barner
z_sigma[228],-0.6422484517097473,0.8378090262413025,-0.6534638404846191,-2.042281150817871,0.6991675496101379,2678.0981856105677,0.998322606086731,00-0039814,Erick All
z_sigma[229],-0.051337625831365585,0.9561246633529663,-0.03680223971605301,-1.5570518970489502,1.53861403465271,1812.3343946693244,0.9990554451942444,00-0039824,Jared Wiley
z_sigma[230],0.14237062633037567,0.8150107264518738,0.13936790823936462,-1.2083616256713867,1.3446654081344604,2779.2675807541405,0.9983693957328796,00-0039847,Theo Johnson
z_sigma[231],-0.4440682530403137,0.936266303062439,-0.4604337811470032,-1.8925535678863525,1.1802120208740234,1943.9192686858994,0.998604416847229,00-0039912,Ben Sinnott
